"Date","Source","Site ID","POC","Daily Max 8-hour Ozone Concentration","UNITS","DAILY_AQI_VALUE","Site Name","DAILY_OBS_COUNT","PERCENT_COMPLETE","AQS_PARAMETER_CODE","AQS_PARAMETER_DESC","CBSA_CODE","CBSA_NAME","STATE_CODE","STATE","COUNTY_CODE","COUNTY","SITE_LATITUDE","SITE_LONGITUDE"
"04/01/2010","AQS","090031003","1","0.036","ppm","33","McAuliffe Park","17","100.0000","44201","Ozone","25540","Hartford-West Hartford-East Hartford, CT","09","Connecticut","003","Hartford","41.7847220009374","-72.631667"
"04/02/2010","AQS","090031003","1","0.052","ppm","48","McAuliffe Park","17","100.0000","44201","Ozone","25540","Hartford-West Hartford-East Hartford, CT","09","Connecticut","003","Hartford","41.7847220009374","-72.631667"
"04/03/2010","AQS","090031003","1","0.049","ppm","45","McAuliffe Park","17","100.0000","44201","Ozone","25540","Hartford-West Hartford-East Hartford, CT","09","Connecticut","003","Hartford","41.7847220009374","-72.631667"
"04/04/2010","AQS","090031003","1","0.051","ppm","47","McAuliffe Park","17","100.0000","44201","Ozone","25540","Hartford-West Hartford-East Hartford, CT","09","Connecticut","003","Hartford","41.7847220009374","-72.631667"
"04/05/2010","AQS","090031003","1","0.06","ppm","67","McAuliffe Park","13","76.0000","44201","Ozone","25540","Hartford-West Hartford-East Hartford, CT","09","Connecticut","003","Hartford","41.7847220009374","-72.631667"
"04/06/2010","AQS","090031003","1","0.054","ppm","50","McAuliffe Park","17","100.0000","44201","Ozone","25540","Hartford-West Hartford-East Hartford, CT","09","Connecticut","003","Hartford","41.7847220009374","-72.631667"
"04/07/2010","AQS","090031003","1","0.058","ppm","61","McAuliffe Park","17","100.0000","44201","Ozone","25540","Hartford-West Hartford-East Hartford, CT","09","Connecticut","003","Hartford","41.7847220009374","-72.631667"
"04/08/2010","AQS","090031003","1","0.063","ppm","77","McAuliffe Park","17","100.0000","44201","Ozone","25540","Hartford-West Hartford-East Hartford, CT","09","Connecticut","003","Hartford","41.7847220009374","-72.631667"
"04/09/2010","AQS","090031003","1","0.036","ppm","33","McAuliffe Park","17","100.0000","44201","Ozone","25540","Hartford-West Hartford-East Hartford, CT","09","Connecticut","003","Hartford","41.7847220009374","-72.631667"
"04/10/2010","AQS","090031003","1","0.044","ppm","41","McAuliffe Park","17","100.0000","44201","Ozone","25540","Hartford-West Hartford-East Hartford, CT","09","Connecticut","003","Hartford","41.7847220009374","-72.631667"
"04/11/2010","AQS","090031003","1","0.057","ppm","58","McAuliffe Park","17","100.0000","44201","Ozone","25540","Hartford-West Hartford-East Hartford, CT","09","Connecticut","003","Hartford","41.7847220009374","-72.631667"
"04/12/2010","AQS","090031003","1","0.047","ppm","44","McAuliffe Park","17","100.0000","44201","Ozone","25540","Hartford-West Hartford-East Hartford, CT","09","Connecticut","003","Hartford","41.7847220009374","-72.631667"
"04/13/2010","AQS","090031003","1","0.048","ppm","44","McAuliffe Park","17","100.0000","44201","Ozone","25540","Hartford-West Hartford-East Hartford, CT","09","Connecticut","003","Hartford","41.7847220009374","-72.631667"
"04/14/2010","AQS","090031003","1","0.05","ppm","46","McAuliffe Park","17","100.0000","44201","Ozone","25540","Hartford-West Hartford-East Hartford, CT","09","Connecticut","003","Hartford","41.7847220009374","-72.631667"
"04/15/2010","AQS","090031003","1","0.05","ppm","46","McAuliffe Park","17","100.0000","44201","Ozone","25540","Hartford-West Hartford-East Hartford, CT","09","Connecticut","003","Hartford","41.7847220009374","-72.631667"
"04/16/2010","AQS","090031003","1","0.046","ppm","43","McAuliffe Park","17","100.0000","44201","Ozone","25540","Hartford-West Hartford-East Hartford, CT","09","Connecticut","003","Hartford","41.7847220009374","-72.631667"
"04/17/2010","AQS","090031003","1","0.033","ppm","31","McAuliffe Park","17","100.0000","44201","Ozone","25540","Hartford-West Hartford-East Hartford, CT","09","Connecticut","003","Hartford","41.7847220009374","-72.631667"
"04/18/2010","AQS","090031003","1","0.03","ppm","28","McAuliffe Park","17","100.0000","44201","Ozone","25540","Hartford-West Hartford-East Hartford, CT","09","Connecticut","003","Hartford","41.7847220009374","-72.631667"
"04/19/2010","AQS","090031003","1","0.041","ppm","38","McAuliffe Park","17","100.0000","44201","Ozone","25540","Hartford-West Hartford-East Hartford, CT","09","Connecticut","003","Hartford","41.7847220009374","-72.631667"
"04/20/2010","AQS","090031003","1","0.047","ppm","44","McAuliffe Park","17","100.0000","44201","Ozone","25540","Hartford-West Hartford-East Hartford, CT","09","Connecticut","003","Hartford","41.7847220009374","-72.631667"
"04/21/2010","AQS","090031003","1","0.054","ppm","50","McAuliffe Park","17","100.0000","44201","Ozone","25540","Hartford-West Hartford-East Hartford, CT","09","Connecticut","003","Hartford","41.7847220009374","-72.631667"
"04/22/2010","AQS","090031003","1","0.054","ppm","50","McAuliffe Park","17","100.0000","44201","Ozone","25540","Hartford-West Hartford-East Hartford, CT","09","Connecticut","003","Hartford","41.7847220009374","-72.631667"
"04/23/2010","AQS","090031003","1","0.05","ppm","46","McAuliffe Park","17","100.0000","44201","Ozone","25540","Hartford-West Hartford-East Hartford, CT","09","Connecticut","003","Hartford","41.7847220009374","-72.631667"
"04/24/2010","AQS","090031003","1","0.053","ppm","49","McAuliffe Park","17","100.0000","44201","Ozone","25540","Hartford-West Hartford-East Hartford, CT","09","Connecticut","003","Hartford","41.7847220009374","-72.631667"
"04/25/2010","AQS","090031003","1","0.045","ppm","42","McAuliffe Park","17","100.0000","44201","Ozone","25540","Hartford-West Hartford-East Hartford, CT","09","Connecticut","003","Hartford","41.7847220009374","-72.631667"
"04/26/2010","AQS","090031003","1","0.045","ppm","42","McAuliffe Park","17","100.0000","44201","Ozone","25540","Hartford-West Hartford-East Hartford, CT","09","Connecticut","003","Hartford","41.7847220009374","-72.631667"
"04/27/2010","AQS","090031003","1","0.04","ppm","37","McAuliffe Park","17","100.0000","44201","Ozone","25540","Hartford-West Hartford-East Hartford, CT","09","Connecticut","003","Hartford","41.7847220009374","-72.631667"
"04/28/2010","AQS","090031003","1","0.039","ppm","36","McAuliffe Park","17","100.0000","44201","Ozone","25540","Hartford-West Hartford-East Hartford, CT","09","Connecticut","003","Hartford","41.7847220009374","-72.631667"
"04/29/2010","AQS","090031003","1","0.052","ppm","48","McAuliffe Park","17","100.0000","44201","Ozone","25540","Hartford-West Hartford-East Hartford, CT","09","Connecticut","003","Hartford","41.7847220009374","-72.631667"
"04/30/2010","AQS","090031003","1","0.053","ppm","49","McAuliffe Park","17","100.0000","44201","Ozone","25540","Hartford-West Hartford-East Hartford, CT","09","Connecticut","003","Hartford","41.7847220009374","-72.631667"
"05/01/2010","AQS","090031003","1","0.073","ppm","108","McAuliffe Park","17","100.0000","44201","Ozone","25540","Hartford-West Hartford-East Hartford, CT","09","Connecticut","003","Hartford","41.7847220009374","-72.631667"
"05/02/2010","AQS","090031003","1","0.069","ppm","97","McAuliffe Park","17","100.0000","44201","Ozone","25540","Hartford-West Hartford-East Hartford, CT","09","Connecticut","003","Hartford","41.7847220009374","-72.631667"
"05/03/2010","AQS","090031003","1","0.038","ppm","35","McAuliffe Park","17","100.0000","44201","Ozone","25540","Hartford-West Hartford-East Hartford, CT","09","Connecticut","003","Hartford","41.7847220009374","-72.631667"
"05/04/2010","AQS","090031003","1","0.051","ppm","47","McAuliffe Park","17","100.0000","44201","Ozone","25540","Hartford-West Hartford-East Hartford, CT","09","Connecticut","003","Hartford","41.7847220009374","-72.631667"
"05/05/2010","AQS","090031003","1","0.062","ppm","74","McAuliffe Park","17","100.0000","44201","Ozone","25540","Hartford-West Hartford-East Hartford, CT","09","Connecticut","003","Hartford","41.7847220009374","-72.631667"
"05/06/2010","AQS","090031003","1","0.053","ppm","49","McAuliffe Park","17","100.0000","44201","Ozone","25540","Hartford-West Hartford-East Hartford, CT","09","Connecticut","003","Hartford","41.7847220009374","-72.631667"
"05/07/2010","AQS","090031003","1","0.042","ppm","39","McAuliffe Park","17","100.0000","44201","Ozone","25540","Hartford-West Hartford-East Hartford, CT","09","Connecticut","003","Hartford","41.7847220009374","-72.631667"
"05/08/2010","AQS","090031003","1","0.043","ppm","40","McAuliffe Park","17","100.0000","44201","Ozone","25540","Hartford-West Hartford-East Hartford, CT","09","Connecticut","003","Hartford","41.7847220009374","-72.631667"
"05/09/2010","AQS","090031003","1","0.041","ppm","38","McAuliffe Park","17","100.0000","44201","Ozone","25540","Hartford-West Hartford-East Hartford, CT","09","Connecticut","003","Hartford","41.7847220009374","-72.631667"
"05/10/2010","AQS","090031003","1","0.046","ppm","43","McAuliffe Park","17","100.0000","44201","Ozone","25540","Hartford-West Hartford-East Hartford, CT","09","Connecticut","003","Hartford","41.7847220009374","-72.631667"
"05/11/2010","AQS","090031003","1","0.045","ppm","42","McAuliffe Park","17","100.0000","44201","Ozone","25540","Hartford-West Hartford-East Hartford, CT","09","Connecticut","003","Hartford","41.7847220009374","-72.631667"
"05/12/2010","AQS","090031003","1","0.043","ppm","40","McAuliffe Park","17","100.0000","44201","Ozone","25540","Hartford-West Hartford-East Hartford, CT","09","Connecticut","003","Hartford","41.7847220009374","-72.631667"
"05/18/2010","AQS","090031003","1","0.037","ppm","34","McAuliffe Park","17","100.0000","44201","Ozone","25540","Hartford-West Hartford-East Hartford, CT","09","Connecticut","003","Hartford","41.7847220009374","-72.631667"
"05/19/2010","AQS","090031003","1","0.03","ppm","28","McAuliffe Park","17","100.0000","44201","Ozone","25540","Hartford-West Hartford-East Hartford, CT","09","Connecticut","003","Hartford","41.7847220009374","-72.631667"
"05/20/2010","AQS","090031003","1","0.045","ppm","42","McAuliffe Park","17","100.0000","44201","Ozone","25540","Hartford-West Hartford-East Hartford, CT","09","Connecticut","003","Hartford","41.7847220009374","-72.631667"
"05/21/2010","AQS","090031003","1","0.059","ppm","64","McAuliffe Park","17","100.0000","44201","Ozone","25540","Hartford-West Hartford-East Hartford, CT","09","Connecticut","003","Hartford","41.7847220009374","-72.631667"
"05/22/2010","AQS","090031003","1","0.061","ppm","71","McAuliffe Park","17","100.0000","44201","Ozone","25540","Hartford-West Hartford-East Hartford, CT","09","Connecticut","003","Hartford","41.7847220009374","-72.631667"
"05/23/2010","AQS","090031003","1","0.04","ppm","37","McAuliffe Park","17","100.0000","44201","Ozone","25540","Hartford-West Hartford-East Hartford, CT","09","Connecticut","003","Hartford","41.7847220009374","-72.631667"
"05/24/2010","AQS","090031003","1","0.037","ppm","34","McAuliffe Park","17","100.0000","44201","Ozone","25540","Hartford-West Hartford-East Hartford, CT","09","Connecticut","003","Hartford","41.7847220009374","-72.631667"
"05/25/2010","AQS","090031003","1","0.059","ppm","64","McAuliffe Park","17","100.0000","44201","Ozone","25540","Hartford-West Hartford-East Hartford, CT","09","Connecticut","003","Hartford","41.7847220009374","-72.631667"
"05/26/2010","AQS","090031003","1","0.051","ppm","47","McAuliffe Park","17","100.0000","44201","Ozone","25540","Hartford-West Hartford-East Hartford, CT","09","Connecticut","003","Hartford","41.7847220009374","-72.631667"
"05/27/2010","AQS","090031003","1","0.04","ppm","37","McAuliffe Park","17","100.0000","44201","Ozone","25540","Hartford-West Hartford-East Hartford, CT","09","Connecticut","003","Hartford","41.7847220009374","-72.631667"
"05/28/2010","AQS","090031003","1","0.053","ppm","49","McAuliffe Park","17","100.0000","44201","Ozone","25540","Hartford-West Hartford-East Hartford, CT","09","Connecticut","003","Hartford","41.7847220009374","-72.631667"
"05/29/2010","AQS","090031003","1","0.05","ppm","46","McAuliffe Park","17","100.0000","44201","Ozone","25540","Hartford-West Hartford-East Hartford, CT","09","Connecticut","003","Hartford","41.7847220009374","-72.631667"
"05/30/2010","AQS","090031003","1","0.042","ppm","39","McAuliffe Park","17","100.0000","44201","Ozone","25540","Hartford-West Hartford-East Hartford, CT","09","Connecticut","003","Hartford","41.7847220009374","-72.631667"
"05/31/2010","AQS","090031003","1","0.044","ppm","41","McAuliffe Park","17","100.0000","44201","Ozone","25540","Hartford-West Hartford-East Hartford, CT","09","Connecticut","003","Hartford","41.7847220009374","-72.631667"
"06/01/2010","AQS","090031003","1","0.041","ppm","38","McAuliffe Park","17","100.0000","44201","Ozone","25540","Hartford-West Hartford-East Hartford, CT","09","Connecticut","003","Hartford","41.7847220009374","-72.631667"
"06/02/2010","AQS","090031003","1","0.061","ppm","71","McAuliffe Park","17","100.0000","44201","Ozone","25540","Hartford-West Hartford-East Hartford, CT","09","Connecticut","003","Hartford","41.7847220009374","-72.631667"
"06/03/2010","AQS","090031003","1","0.058","ppm","61","McAuliffe Park","17","100.0000","44201","Ozone","25540","Hartford-West Hartford-East Hartford, CT","09","Connecticut","003","Hartford","41.7847220009374","-72.631667"
"06/04/2010","AQS","090031003","1","0.067","ppm","90","McAuliffe Park","17","100.0000","44201","Ozone","25540","Hartford-West Hartford-East Hartford, CT","09","Connecticut","003","Hartford","41.7847220009374","-72.631667"
"06/05/2010","AQS","090031003","1","0.05","ppm","46","McAuliffe Park","17","100.0000","44201","Ozone","25540","Hartford-West Hartford-East Hartford, CT","09","Connecticut","003","Hartford","41.7847220009374","-72.631667"
"06/06/2010","AQS","090031003","1","0.045","ppm","42","McAuliffe Park","17","100.0000","44201","Ozone","25540","Hartford-West Hartford-East Hartford, CT","09","Connecticut","003","Hartford","41.7847220009374","-72.631667"
"06/07/2010","AQS","090031003","1","0.037","ppm","34","McAuliffe Park","17","100.0000","44201","Ozone","25540","Hartford-West Hartford-East Hartford, CT","09","Connecticut","003","Hartford","41.7847220009374","-72.631667"
"06/08/2010","AQS","090031003","1","0.032","ppm","30","McAuliffe Park","17","100.0000","44201","Ozone","25540","Hartford-West Hartford-East Hartford, CT","09","Connecticut","003","Hartford","41.7847220009374","-72.631667"
"06/09/2010","AQS","090031003","1","0.038","ppm","35","McAuliffe Park","17","100.0000","44201","Ozone","25540","Hartford-West Hartford-East Hartford, CT","09","Connecticut","003","Hartford","41.7847220009374","-72.631667"
"06/10/2010","AQS","090031003","1","0.037","ppm","34","McAuliffe Park","14","82.0000","44201","Ozone","25540","Hartford-West Hartford-East Hartford, CT","09","Connecticut","003","Hartford","41.7847220009374","-72.631667"
"06/11/2010","AQS","090031003","1","0.04","ppm","37","McAuliffe Park","17","100.0000","44201","Ozone","25540","Hartford-West Hartford-East Hartford, CT","09","Connecticut","003","Hartford","41.7847220009374","-72.631667"
"06/12/2010","AQS","090031003","1","0.036","ppm","33","McAuliffe Park","17","100.0000","44201","Ozone","25540","Hartford-West Hartford-East Hartford, CT","09","Connecticut","003","Hartford","41.7847220009374","-72.631667"
"06/13/2010","AQS","090031003","1","0.028","ppm","26","McAuliffe Park","17","100.0000","44201","Ozone","25540","Hartford-West Hartford-East Hartford, CT","09","Connecticut","003","Hartford","41.7847220009374","-72.631667"
"06/14/2010","AQS","090031003","1","0.04","ppm","37","McAuliffe Park","17","100.0000","44201","Ozone","25540","Hartford-West Hartford-East Hartford, CT","09","Connecticut","003","Hartford","41.7847220009374","-72.631667"
"06/15/2010","AQS","090031003","1","0.046","ppm","43","McAuliffe Park","17","100.0000","44201","Ozone","25540","Hartford-West Hartford-East Hartford, CT","09","Connecticut","003","Hartford","41.7847220009374","-72.631667"
"06/16/2010","AQS","090031003","1","0.04","ppm","37","McAuliffe Park","17","100.0000","44201","Ozone","25540","Hartford-West Hartford-East Hartford, CT","09","Connecticut","003","Hartford","41.7847220009374","-72.631667"
"06/17/2010","AQS","090031003","1","0.029","ppm","27","McAuliffe Park","17","100.0000","44201","Ozone","25540","Hartford-West Hartford-East Hartford, CT","09","Connecticut","003","Hartford","41.7847220009374","-72.631667"
"06/18/2010","AQS","090031003","1","0.049","ppm","45","McAuliffe Park","17","100.0000","44201","Ozone","25540","Hartford-West Hartford-East Hartford, CT","09","Connecticut","003","Hartford","41.7847220009374","-72.631667"
"06/19/2010","AQS","090031003","1","0.061","ppm","71","McAuliffe Park","17","100.0000","44201","Ozone","25540","Hartford-West Hartford-East Hartford, CT","09","Connecticut","003","Hartford","41.7847220009374","-72.631667"
"06/20/2010","AQS","090031003","1","0.057","ppm","58","McAuliffe Park","17","100.0000","44201","Ozone","25540","Hartford-West Hartford-East Hartford, CT","09","Connecticut","003","Hartford","41.7847220009374","-72.631667"
"06/21/2010","AQS","090031003","1","0.042","ppm","39","McAuliffe Park","17","100.0000","44201","Ozone","25540","Hartford-West Hartford-East Hartford, CT","09","Connecticut","003","Hartford","41.7847220009374","-72.631667"
"06/22/2010","AQS","090031003","1","0.047","ppm","44","McAuliffe Park","17","100.0000","44201","Ozone","25540","Hartford-West Hartford-East Hartford, CT","09","Connecticut","003","Hartford","41.7847220009374","-72.631667"
"06/23/2010","AQS","090031003","1","0.045","ppm","42","McAuliffe Park","17","100.0000","44201","Ozone","25540","Hartford-West Hartford-East Hartford, CT","09","Connecticut","003","Hartford","41.7847220009374","-72.631667"
"06/24/2010","AQS","090031003","1","0.054","ppm","50","McAuliffe Park","17","100.0000","44201","Ozone","25540","Hartford-West Hartford-East Hartford, CT","09","Connecticut","003","Hartford","41.7847220009374","-72.631667"
"06/26/2010","AQS","090031003","1","0.046","ppm","43","McAuliffe Park","17","100.0000","44201","Ozone","25540","Hartford-West Hartford-East Hartford, CT","09","Connecticut","003","Hartford","41.7847220009374","-72.631667"
"06/27/2010","AQS","090031003","1","0.076","ppm","119","McAuliffe Park","17","100.0000","44201","Ozone","25540","Hartford-West Hartford-East Hartford, CT","09","Connecticut","003","Hartford","41.7847220009374","-72.631667"
"06/28/2010","AQS","090031003","1","0.047","ppm","44","McAuliffe Park","17","100.0000","44201","Ozone","25540","Hartford-West Hartford-East Hartford, CT","09","Connecticut","003","Hartford","41.7847220009374","-72.631667"
"06/29/2010","AQS","090031003","1","0.042","ppm","39","McAuliffe Park","17","100.0000","44201","Ozone","25540","Hartford-West Hartford-East Hartford, CT","09","Connecticut","003","Hartford","41.7847220009374","-72.631667"
"06/30/2010","AQS","090031003","1","0.034","ppm","31","McAuliffe Park","17","100.0000","44201","Ozone","25540","Hartford-West Hartford-East Hartford, CT","09","Connecticut","003","Hartford","41.7847220009374","-72.631667"
"07/01/2010","AQS","090031003","1","0.023","ppm","21","McAuliffe Park","17","100.0000","44201","Ozone","25540","Hartford-West Hartford-East Hartford, CT","09","Connecticut","003","Hartford","41.7847220009374","-72.631667"
"07/02/2010","AQS","090031003","1","0.029","ppm","27","McAuliffe Park","17","100.0000","44201","Ozone","25540","Hartford-West Hartford-East Hartford, CT","09","Connecticut","003","Hartford","41.7847220009374","-72.631667"
"07/03/2010","AQS","090031003","1","0.046","ppm","43","McAuliffe Park","17","100.0000","44201","Ozone","25540","Hartford-West Hartford-East Hartford, CT","09","Connecticut","003","Hartford","41.7847220009374","-72.631667"
"07/04/2010","AQS","090031003","1","0.06","ppm","67","McAuliffe Park","17","100.0000","44201","Ozone","25540","Hartford-West Hartford-East Hartford, CT","09","Connecticut","003","Hartford","41.7847220009374","-72.631667"
"07/05/2010","AQS","090031003","1","0.064","ppm","80","McAuliffe Park","17","100.0000","44201","Ozone","25540","Hartford-West Hartford-East Hartford, CT","09","Connecticut","003","Hartford","41.7847220009374","-72.631667"
"07/06/2010","AQS","090031003","1","0.053","ppm","49","McAuliffe Park","17","100.0000","44201","Ozone","25540","Hartford-West Hartford-East Hartford, CT","09","Connecticut","003","Hartford","41.7847220009374","-72.631667"
"07/07/2010","AQS","090031003","1","0.06","ppm","67","McAuliffe Park","17","100.0000","44201","Ozone","25540","Hartford-West Hartford-East Hartford, CT","09","Connecticut","003","Hartford","41.7847220009374","-72.631667"
"07/08/2010","AQS","090031003","1","0.039","ppm","36","McAuliffe Park","17","100.0000","44201","Ozone","25540","Hartford-West Hartford-East Hartford, CT","09","Connecticut","003","Hartford","41.7847220009374","-72.631667"
"07/09/2010","AQS","090031003","1","0.032","ppm","30","McAuliffe Park","17","100.0000","44201","Ozone","25540","Hartford-West Hartford-East Hartford, CT","09","Connecticut","003","Hartford","41.7847220009374","-72.631667"
"07/10/2010","AQS","090031003","1","0.039","ppm","36","McAuliffe Park","17","100.0000","44201","Ozone","25540","Hartford-West Hartford-East Hartford, CT","09","Connecticut","003","Hartford","41.7847220009374","-72.631667"
"07/11/2010","AQS","090031003","1","0.043","ppm","40","McAuliffe Park","17","100.0000","44201","Ozone","25540","Hartford-West Hartford-East Hartford, CT","09","Connecticut","003","Hartford","41.7847220009374","-72.631667"
"07/12/2010","AQS","090031003","1","0.067","ppm","90","McAuliffe Park","17","100.0000","44201","Ozone","25540","Hartford-West Hartford-East Hartford, CT","09","Connecticut","003","Hartford","41.7847220009374","-72.631667"
"07/13/2010","AQS","090031003","1","0.044","ppm","41","McAuliffe Park","17","100.0000","44201","Ozone","25540","Hartford-West Hartford-East Hartford, CT","09","Connecticut","003","Hartford","41.7847220009374","-72.631667"
"07/14/2010","AQS","090031003","1","0.025","ppm","23","McAuliffe Park","17","100.0000","44201","Ozone","25540","Hartford-West Hartford-East Hartford, CT","09","Connecticut","003","Hartford","41.7847220009374","-72.631667"
"07/15/2010","AQS","090031003","1","0.044","ppm","41","McAuliffe Park","17","100.0000","44201","Ozone","25540","Hartford-West Hartford-East Hartford, CT","09","Connecticut","003","Hartford","41.7847220009374","-72.631667"
"07/16/2010","AQS","090031003","1","0.077","ppm","122","McAuliffe Park","17","100.0000","44201","Ozone","25540","Hartford-West Hartford-East Hartford, CT","09","Connecticut","003","Hartford","41.7847220009374","-72.631667"
"07/17/2010","AQS","090031003","1","0.052","ppm","48","McAuliffe Park","17","100.0000","44201","Ozone","25540","Hartford-West Hartford-East Hartford, CT","09","Connecticut","003","Hartford","41.7847220009374","-72.631667"
"07/18/2010","AQS","090031003","1","0.045","ppm","42","McAuliffe Park","17","100.0000","44201","Ozone","25540","Hartford-West Hartford-East Hartford, CT","09","Connecticut","003","Hartford","41.7847220009374","-72.631667"
"07/19/2010","AQS","090031003","1","0.067","ppm","90","McAuliffe Park","17","100.0000","44201","Ozone","25540","Hartford-West Hartford-East Hartford, CT","09","Connecticut","003","Hartford","41.7847220009374","-72.631667"
"07/20/2010","AQS","090031003","1","0.042","ppm","39","McAuliffe Park","17","100.0000","44201","Ozone","25540","Hartford-West Hartford-East Hartford, CT","09","Connecticut","003","Hartford","41.7847220009374","-72.631667"
"07/22/2010","AQS","090031003","1","0.034","ppm","31","McAuliffe Park","17","100.0000","44201","Ozone","25540","Hartford-West Hartford-East Hartford, CT","09","Connecticut","003","Hartford","41.7847220009374","-72.631667"
"07/23/2010","AQS","090031003","1","0.023","ppm","21","McAuliffe Park","17","100.0000","44201","Ozone","25540","Hartford-West Hartford-East Hartford, CT","09","Connecticut","003","Hartford","41.7847220009374","-72.631667"
"07/24/2010","AQS","090031003","1","0.043","ppm","40","McAuliffe Park","17","100.0000","44201","Ozone","25540","Hartford-West Hartford-East Hartford, CT","09","Connecticut","003","Hartford","41.7847220009374","-72.631667"
"07/25/2010","AQS","090031003","1","0.037","ppm","34","McAuliffe Park","17","100.0000","44201","Ozone","25540","Hartford-West Hartford-East Hartford, CT","09","Connecticut","003","Hartford","41.7847220009374","-72.631667"
"07/26/2010","AQS","090031003","1","0.031","ppm","29","McAuliffe Park","17","100.0000","44201","Ozone","25540","Hartford-West Hartford-East Hartford, CT","09","Connecticut","003","Hartford","41.7847220009374","-72.631667"
"07/27/2010","AQS","090031003","1","0.034","ppm","31","McAuliffe Park","17","100.0000","44201","Ozone","25540","Hartford-West Hartford-East Hartford, CT","09","Connecticut","003","Hartford","41.7847220009374","-72.631667"
"07/28/2010","AQS","090031003","1","0.079","ppm","129","McAuliffe Park","17","100.0000","44201","Ozone","25540","Hartford-West Hartford-East Hartford, CT","09","Connecticut","003","Hartford","41.7847220009374","-72.631667"
"07/29/2010","AQS","090031003","1","0.038","ppm","35","McAuliffe Park","17","100.0000","44201","Ozone","25540","Hartford-West Hartford-East Hartford, CT","09","Connecticut","003","Hartford","41.7847220009374","-72.631667"
"07/30/2010","AQS","090031003","1","0.035","ppm","32","McAuliffe Park","17","100.0000","44201","Ozone","25540","Hartford-West Hartford-East Hartford, CT","09","Connecticut","003","Hartford","41.7847220009374","-72.631667"
"07/31/2010","AQS","090031003","1","0.045","ppm","42","McAuliffe Park","17","100.0000","44201","Ozone","25540","Hartford-West Hartford-East Hartford, CT","09","Connecticut","003","Hartford","41.7847220009374","-72.631667"
"08/01/2010","AQS","090031003","1","0.039","ppm","36","McAuliffe Park","17","100.0000","44201","Ozone","25540","Hartford-West Hartford-East Hartford, CT","09","Connecticut","003","Hartford","41.7847220009374","-72.631667"
"08/02/2010","AQS","090031003","1","0.051","ppm","47","McAuliffe Park","17","100.0000","44201","Ozone","25540","Hartford-West Hartford-East Hartford, CT","09","Connecticut","003","Hartford","41.7847220009374","-72.631667"
"08/03/2010","AQS","090031003","1","0.048","ppm","44","McAuliffe Park","17","100.0000","44201","Ozone","25540","Hartford-West Hartford-East Hartford, CT","09","Connecticut","003","Hartford","41.7847220009374","-72.631667"
"08/04/2010","AQS","090031003","1","0.062","ppm","74","McAuliffe Park","17","100.0000","44201","Ozone","25540","Hartford-West Hartford-East Hartford, CT","09","Connecticut","003","Hartford","41.7847220009374","-72.631667"
"08/05/2010","AQS","090031003","1","0.051","ppm","47","McAuliffe Park","17","100.0000","44201","Ozone","25540","Hartford-West Hartford-East Hartford, CT","09","Connecticut","003","Hartford","41.7847220009374","-72.631667"
"08/06/2010","AQS","090031003","1","0.04","ppm","37","McAuliffe Park","17","100.0000","44201","Ozone","25540","Hartford-West Hartford-East Hartford, CT","09","Connecticut","003","Hartford","41.7847220009374","-72.631667"
"08/07/2010","AQS","090031003","1","0.038","ppm","35","McAuliffe Park","17","100.0000","44201","Ozone","25540","Hartford-West Hartford-East Hartford, CT","09","Connecticut","003","Hartford","41.7847220009374","-72.631667"
"08/08/2010","AQS","090031003","1","0.053","ppm","49","McAuliffe Park","17","100.0000","44201","Ozone","25540","Hartford-West Hartford-East Hartford, CT","09","Connecticut","003","Hartford","41.7847220009374","-72.631667"
"08/09/2010","AQS","090031003","1","0.073","ppm","108","McAuliffe Park","17","100.0000","44201","Ozone","25540","Hartford-West Hartford-East Hartford, CT","09","Connecticut","003","Hartford","41.7847220009374","-72.631667"
"08/10/2010","AQS","090031003","1","0.048","ppm","44","McAuliffe Park","17","100.0000","44201","Ozone","25540","Hartford-West Hartford-East Hartford, CT","09","Connecticut","003","Hartford","41.7847220009374","-72.631667"
"08/11/2010","AQS","090031003","1","0.049","ppm","45","McAuliffe Park","17","100.0000","44201","Ozone","25540","Hartford-West Hartford-East Hartford, CT","09","Connecticut","003","Hartford","41.7847220009374","-72.631667"
"08/12/2010","AQS","090031003","1","0.031","ppm","29","McAuliffe Park","17","100.0000","44201","Ozone","25540","Hartford-West Hartford-East Hartford, CT","09","Connecticut","003","Hartford","41.7847220009374","-72.631667"
"08/13/2010","AQS","090031003","1","0.037","ppm","34","McAuliffe Park","17","100.0000","44201","Ozone","25540","Hartford-West Hartford-East Hartford, CT","09","Connecticut","003","Hartford","41.7847220009374","-72.631667"
"08/14/2010","AQS","090031003","1","0.037","ppm","34","McAuliffe Park","17","100.0000","44201","Ozone","25540","Hartford-West Hartford-East Hartford, CT","09","Connecticut","003","Hartford","41.7847220009374","-72.631667"
"08/15/2010","AQS","090031003","1","0.032","ppm","30","McAuliffe Park","17","100.0000","44201","Ozone","25540","Hartford-West Hartford-East Hartford, CT","09","Connecticut","003","Hartford","41.7847220009374","-72.631667"
"08/16/2010","AQS","090031003","1","0.029","ppm","27","McAuliffe Park","17","100.0000","44201","Ozone","25540","Hartford-West Hartford-East Hartford, CT","09","Connecticut","003","Hartford","41.7847220009374","-72.631667"
"08/17/2010","AQS","090031003","1","0.052","ppm","48","McAuliffe Park","17","100.0000","44201","Ozone","25540","Hartford-West Hartford-East Hartford, CT","09","Connecticut","003","Hartford","41.7847220009374","-72.631667"
"08/18/2010","AQS","090031003","1","0.044","ppm","41","McAuliffe Park","17","100.0000","44201","Ozone","25540","Hartford-West Hartford-East Hartford, CT","09","Connecticut","003","Hartford","41.7847220009374","-72.631667"
"08/19/2010","AQS","090031003","1","0.062","ppm","74","McAuliffe Park","17","100.0000","44201","Ozone","25540","Hartford-West Hartford-East Hartford, CT","09","Connecticut","003","Hartford","41.7847220009374","-72.631667"
"08/20/2010","AQS","090031003","1","0.041","ppm","38","McAuliffe Park","17","100.0000","44201","Ozone","25540","Hartford-West Hartford-East Hartford, CT","09","Connecticut","003","Hartford","41.7847220009374","-72.631667"
"08/21/2010","AQS","090031003","1","0.043","ppm","40","McAuliffe Park","17","100.0000","44201","Ozone","25540","Hartford-West Hartford-East Hartford, CT","09","Connecticut","003","Hartford","41.7847220009374","-72.631667"
"08/22/2010","AQS","090031003","1","0.034","ppm","31","McAuliffe Park","17","100.0000","44201","Ozone","25540","Hartford-West Hartford-East Hartford, CT","09","Connecticut","003","Hartford","41.7847220009374","-72.631667"
"08/23/2010","AQS","090031003","1","0.03","ppm","28","McAuliffe Park","17","100.0000","44201","Ozone","25540","Hartford-West Hartford-East Hartford, CT","09","Connecticut","003","Hartford","41.7847220009374","-72.631667"
"08/24/2010","AQS","090031003","1","0.029","ppm","27","McAuliffe Park","17","100.0000","44201","Ozone","25540","Hartford-West Hartford-East Hartford, CT","09","Connecticut","003","Hartford","41.7847220009374","-72.631667"
"08/25/2010","AQS","090031003","1","0.028","ppm","26","McAuliffe Park","17","100.0000","44201","Ozone","25540","Hartford-West Hartford-East Hartford, CT","09","Connecticut","003","Hartford","41.7847220009374","-72.631667"
"08/26/2010","AQS","090031003","1","0.033","ppm","31","McAuliffe Park","17","100.0000","44201","Ozone","25540","Hartford-West Hartford-East Hartford, CT","09","Connecticut","003","Hartford","41.7847220009374","-72.631667"
"08/27/2010","AQS","090031003","1","0.028","ppm","26","McAuliffe Park","17","100.0000","44201","Ozone","25540","Hartford-West Hartford-East Hartford, CT","09","Connecticut","003","Hartford","41.7847220009374","-72.631667"
"08/28/2010","AQS","090031003","1","0.033","ppm","31","McAuliffe Park","17","100.0000","44201","Ozone","25540","Hartford-West Hartford-East Hartford, CT","09","Connecticut","003","Hartford","41.7847220009374","-72.631667"
"08/29/2010","AQS","090031003","1","0.05","ppm","46","McAuliffe Park","17","100.0000","44201","Ozone","25540","Hartford-West Hartford-East Hartford, CT","09","Connecticut","003","Hartford","41.7847220009374","-72.631667"
"08/30/2010","AQS","090031003","1","0.057","ppm","58","McAuliffe Park","17","100.0000","44201","Ozone","25540","Hartford-West Hartford-East Hartford, CT","09","Connecticut","003","Hartford","41.7847220009374","-72.631667"
"08/31/2010","AQS","090031003","1","0.057","ppm","58","McAuliffe Park","17","100.0000","44201","Ozone","25540","Hartford-West Hartford-East Hartford, CT","09","Connecticut","003","Hartford","41.7847220009374","-72.631667"
"09/01/2010","AQS","090031003","1","0.066","ppm","87","McAuliffe Park","17","100.0000","44201","Ozone","25540","Hartford-West Hartford-East Hartford, CT","09","Connecticut","003","Hartford","41.7847220009374","-72.631667"
"09/02/2010","AQS","090031003","1","0.089","ppm","159","McAuliffe Park","17","100.0000","44201","Ozone","25540","Hartford-West Hartford-East Hartford, CT","09","Connecticut","003","Hartford","41.7847220009374","-72.631667"
"09/03/2010","AQS","090031003","1","0.026","ppm","24","McAuliffe Park","17","100.0000","44201","Ozone","25540","Hartford-West Hartford-East Hartford, CT","09","Connecticut","003","Hartford","41.7847220009374","-72.631667"
"09/04/2010","AQS","090031003","1","0.038","ppm","35","McAuliffe Park","17","100.0000","44201","Ozone","25540","Hartford-West Hartford-East Hartford, CT","09","Connecticut","003","Hartford","41.7847220009374","-72.631667"
"09/05/2010","AQS","090031003","1","0.03","ppm","28","McAuliffe Park","17","100.0000","44201","Ozone","25540","Hartford-West Hartford-East Hartford, CT","09","Connecticut","003","Hartford","41.7847220009374","-72.631667"
"09/06/2010","AQS","090031003","1","0.047","ppm","44","McAuliffe Park","17","100.0000","44201","Ozone","25540","Hartford-West Hartford-East Hartford, CT","09","Connecticut","003","Hartford","41.7847220009374","-72.631667"
"09/07/2010","AQS","090031003","1","0.064","ppm","80","McAuliffe Park","17","100.0000","44201","Ozone","25540","Hartford-West Hartford-East Hartford, CT","09","Connecticut","003","Hartford","41.7847220009374","-72.631667"
"09/08/2010","AQS","090031003","1","0.045","ppm","42","McAuliffe Park","17","100.0000","44201","Ozone","25540","Hartford-West Hartford-East Hartford, CT","09","Connecticut","003","Hartford","41.7847220009374","-72.631667"
"09/09/2010","AQS","090031003","1","0.016","ppm","15","McAuliffe Park","17","100.0000","44201","Ozone","25540","Hartford-West Hartford-East Hartford, CT","09","Connecticut","003","Hartford","41.7847220009374","-72.631667"
"09/10/2010","AQS","090031003","1","0.017","ppm","16","McAuliffe Park","17","100.0000","44201","Ozone","25540","Hartford-West Hartford-East Hartford, CT","09","Connecticut","003","Hartford","41.7847220009374","-72.631667"
"09/11/2010","AQS","090031003","1","0.034","ppm","31","McAuliffe Park","17","100.0000","44201","Ozone","25540","Hartford-West Hartford-East Hartford, CT","09","Connecticut","003","Hartford","41.7847220009374","-72.631667"
"09/12/2010","AQS","090031003","1","0.025","ppm","23","McAuliffe Park","17","100.0000","44201","Ozone","25540","Hartford-West Hartford-East Hartford, CT","09","Connecticut","003","Hartford","41.7847220009374","-72.631667"
"09/15/2010","AQS","090031003","1","0.031","ppm","29","McAuliffe Park","17","100.0000","44201","Ozone","25540","Hartford-West Hartford-East Hartford, CT","09","Connecticut","003","Hartford","41.7847220009374","-72.631667"
"09/16/2010","AQS","090031003","1","0.035","ppm","32","McAuliffe Park","17","100.0000","44201","Ozone","25540","Hartford-West Hartford-East Hartford, CT","09","Connecticut","003","Hartford","41.7847220009374","-72.631667"
"09/17/2010","AQS","090031003","1","0.024","ppm","22","McAuliffe Park","17","100.0000","44201","Ozone","25540","Hartford-West Hartford-East Hartford, CT","09","Connecticut","003","Hartford","41.7847220009374","-72.631667"
"09/18/2010","AQS","090031003","1","0.029","ppm","27","McAuliffe Park","17","100.0000","44201","Ozone","25540","Hartford-West Hartford-East Hartford, CT","09","Connecticut","003","Hartford","41.7847220009374","-72.631667"
"09/19/2010","AQS","090031003","1","0.04","ppm","37","McAuliffe Park","17","100.0000","44201","Ozone","25540","Hartford-West Hartford-East Hartford, CT","09","Connecticut","003","Hartford","41.7847220009374","-72.631667"
"09/20/2010","AQS","090031003","1","0.031","ppm","29","McAuliffe Park","17","100.0000","44201","Ozone","25540","Hartford-West Hartford-East Hartford, CT","09","Connecticut","003","Hartford","41.7847220009374","-72.631667"
"09/21/2010","AQS","090031003","1","0.03","ppm","28","McAuliffe Park","17","100.0000","44201","Ozone","25540","Hartford-West Hartford-East Hartford, CT","09","Connecticut","003","Hartford","41.7847220009374","-72.631667"
"09/22/2010","AQS","090031003","1","0.06","ppm","67","McAuliffe Park","17","100.0000","44201","Ozone","25540","Hartford-West Hartford-East Hartford, CT","09","Connecticut","003","Hartford","41.7847220009374","-72.631667"
"09/23/2010","AQS","090031003","1","0.038","ppm","35","McAuliffe Park","17","100.0000","44201","Ozone","25540","Hartford-West Hartford-East Hartford, CT","09","Connecticut","003","Hartford","41.7847220009374","-72.631667"
"09/24/2010","AQS","090031003","1","0.058","ppm","61","McAuliffe Park","17","100.0000","44201","Ozone","25540","Hartford-West Hartford-East Hartford, CT","09","Connecticut","003","Hartford","41.7847220009374","-72.631667"
"09/25/2010","AQS","090031003","1","0.05","ppm","46","McAuliffe Park","17","100.0000","44201","Ozone","25540","Hartford-West Hartford-East Hartford, CT","09","Connecticut","003","Hartford","41.7847220009374","-72.631667"
"09/26/2010","AQS","090031003","1","0.031","ppm","29","McAuliffe Park","17","100.0000","44201","Ozone","25540","Hartford-West Hartford-East Hartford, CT","09","Connecticut","003","Hartford","41.7847220009374","-72.631667"
"09/27/2010","AQS","090031003","1","0.007","ppm","6","McAuliffe Park","17","100.0000","44201","Ozone","25540","Hartford-West Hartford-East Hartford, CT","09","Connecticut","003","Hartford","41.7847220009374","-72.631667"
"09/28/2010","AQS","090031003","1","0.018","ppm","17","McAuliffe Park","14","82.0000","44201","Ozone","25540","Hartford-West Hartford-East Hartford, CT","09","Connecticut","003","Hartford","41.7847220009374","-72.631667"
"09/29/2010","AQS","090031003","1","0.042","ppm","39","McAuliffe Park","17","100.0000","44201","Ozone","25540","Hartford-West Hartford-East Hartford, CT","09","Connecticut","003","Hartford","41.7847220009374","-72.631667"
